User1,Nachname1,146gg5,du hasst es Geschafft!
User2,Nachname2,2933,Geilo Matik Bruder!!
User3,Nachname3,565rf,Herzlichen Glückwunsch zum Erfolg!
User4,Nachname4,8f8f,Ein neuer Tag, eine neue Chance!
User5,Nachname5,idi0t,Immer positiv denken und vorwärts gehen!
User6,Nachname6,9856,Träume groß und arbeite hart!
User7,Nachname7,5g56,Gemeinsam können wir viel erreichen!
User8,Nachname8,6da59,Erfolg ist das Ergebnis von Fleiß und Hingabe!
User9,Nachname9,2ppo4,Glaube an dich selbst und du wirst Großes erreichen!
User10,Nachname10,i68o,	Jeder Schritt bringt dich näher an deine Ziele!
